Run ID,Name,Source Type,Source Name,User,Status,algo_desc,cv_n_folds,dataset,features,lag,learn_rate,loss_reduction,min_n,mtry,n_samples_cv,n_samples_single,sample_size,stop_iter,train_test_split_ratio,tree_depth,trees,mae,mae_insample,mae_mean_cv,mae_sd_cv,rmse,rmse_insample,rmse_mean_cv,rmse_sd_cv,rsq,rsq_insample,rsq_mean_cv,rsq_sd_cv
4b72709f692042a7a0f20befa55ae49a,,,,unknown,FINISHED,xgboost_feat,4,comb_data_rev8.RDS,"0_wind_speed_ms,0_temp_c,1_wind_speed_ms,1_temp_c,2_wind_speed_ms,3_wind_speed_ms,4_wind_speed_ms,8_temp_c,0_wind,1_wind,2_wind,3_wind,4_wind,0_wind_speed_ms_lag1,0_temp_c_lag1,1_wind_speed_ms_lag1,1_temp_c_lag1,2_wind_speed_ms_lag1,3_wind_speed_ms_lag1,4_wind_speed_ms_lag1,8_temp_c_lag1,0_wind_lag1,1_wind_lag1,2_wind_lag1,3_wind_lag1,4_wind_lag1,0_wind_speed_ms_lag2,0_temp_c_lag2,1_wind_speed_ms_lag2,1_temp_c_lag2,2_wind_speed_ms_lag2,3_wind_speed_ms_lag2,4_wind_speed_ms_lag2,8_temp_c_lag2,0_wind_lag2,1_wind_lag2,2_wind_lag2,3_wind_lag2,4_wind_lag2,0_wind_speed_ms_lag3,0_temp_c_lag3,1_wind_speed_ms_lag3,1_temp_c_lag3,2_wind_speed_ms_lag3,3_wind_speed_ms_lag3,4_wind_speed_ms_lag3,8_temp_c_lag3,0_wind_lag3,1_wind_lag3,2_wind_lag3,3_wind_lag3,4_wind_lag3,0_wind_speed_ms_lag4,0_temp_c_lag4,1_wind_speed_ms_lag4,1_temp_c_lag4,2_wind_speed_ms_lag4,3_wind_speed_ms_lag4,4_wind_speed_ms_lag4,8_temp_c_lag4,0_wind_lag4,1_wind_lag4,2_wind_lag4,3_wind_lag4,4_wind_lag4,0_wind_speed_ms_lag5,0_temp_c_lag5,1_wind_speed_ms_lag5,1_temp_c_lag5,2_wind_speed_ms_lag5,3_wind_speed_ms_lag5,4_wind_speed_ms_lag5,8_temp_c_lag5,0_wind_lag5,1_wind_lag5,2_wind_lag5,3_wind_lag5,4_wind_lag5,0_wind_speed_ms_lag9,0_temp_c_lag9,1_wind_speed_ms_lag9,1_temp_c_lag9,2_wind_speed_ms_lag9,3_wind_speed_ms_lag9,4_wind_speed_ms_lag9,8_temp_c_lag9,0_wind_lag9,1_wind_lag9,2_wind_lag9,3_wind_lag9,4_wind_lag9,0_wind_speed_ms_lag276,0_temp_c_lag276,1_wind_speed_ms_lag276,1_temp_c_lag276,2_wind_speed_ms_lag276,3_wind_speed_ms_lag276,3_temp_c_lag276,4_wind_speed_ms_lag276,8_temp_c_lag276,0_wind_lag276,1_wind_lag276,2_wind_lag276,3_wind_lag276,4_wind_lag276,Wind_lag300,0_wind_speed_ms_lag300,1_wind_speed_ms_lag300,2_wind_speed_ms_lag300,3_wind_speed_ms_lag300,4_wind_speed_ms_lag300,0_wind_lag300,1_wind_lag300,2_wind_lag300,3_wind_lag300,4_wind_lag300,0_wind_speed_ms_lag1_lag300,1_wind_speed_ms_lag1_lag300,2_wind_speed_ms_lag1_lag300,3_wind_speed_ms_lag1_lag300,4_wind_speed_ms_lag1_lag300,0_wind_lag1_lag300,1_wind_lag1_lag300,2_wind_lag1_lag300,3_wind_lag1_lag300,4_wind_lag1_lag300,0_wind_speed_ms_lag2_lag300,1_wind_speed_ms_lag2_lag300,2_wind_speed_ms_lag2_lag300,3_wind_speed_ms_lag2_lag300,4_wind_speed_ms_lag2_lag300,0_wind_lag2_lag300,1_wind_lag2_lag300,2_wind_lag2_lag300,3_wind_lag2_lag300,4_wind_lag2_lag300,0_wind_speed_ms_lag3_lag300,1_wind_speed_ms_lag3_lag300,2_wind_speed_ms_lag3_lag300,3_wind_speed_ms_lag3_lag300,4_wind_speed_ms_lag3_lag300,0_wind_lag3_lag300,1_wind_lag3_lag300,2_wind_lag3_lag300,3_wind_lag3_lag300,4_wind_lag3_lag300,0_wind_speed_ms_lag4_lag300,1_wind_speed_ms_lag4_lag300,2_wind_speed_ms_lag4_lag300,3_wind_speed_ms_lag4_lag300,4_wind_speed_ms_lag4_lag300,0_wind_lag4_lag300,1_wind_lag4_lag300,2_wind_lag4_lag300,3_wind_lag4_lag300,4_wind_lag4_lag300,0_wind_speed_ms_lag5_lag300,1_wind_speed_ms_lag5_lag300,2_wind_speed_ms_lag5_lag300,3_wind_speed_ms_lag5_lag300,4_wind_speed_ms_lag5_lag300,0_wind_lag5_lag300,1_wind_lag5_lag300,2_wind_lag5_lag300,3_wind_lag5_lag300,4_wind_lag5_lag300,0_wind_speed_ms_lag9_lag300,1_wind_speed_ms_lag9_lag300,2_wind_speed_ms_lag9_lag300,3_wind_speed_ms_lag9_lag300,4_wind_speed_ms_lag9_lag300,0_wind_lag9_lag300,1_wind_lag9_lag300,2_wind_lag9_lag300,3_wind_lag9_lag300,4_wind_lag9_lag300,0_wind_speed_ms_lag276_lag300,1_wind_speed_ms_lag276_lag300,2_wind_speed_ms_lag276_lag300,3_wind_speed_ms_lag276_lag300,4_wind_speed_ms_lag276_lag300,0_wind_lag276_lag300,1_wind_lag276_lag300,2_wind_lag276_lag300,3_wind_lag276_lag300,4_wind_lag276_lag300,Wind",300,0.1,,3,0.5,10000,40000,0.5,10,0.2,8,500,465.163644831403,11.5675153346864,,,649.581239243291,22.008458770802,,,0.618459211807804,0.999522455953501,,
8b1b0a4179e347de9f0b4b68f59a195a,,,,unknown,FINISHED,xgboost_feat,4,comb_data_rev8.RDS,"0_wind_speed_ms,0_temp_c,1_wind_speed_ms,1_temp_c,2_wind_speed_ms,3_wind_speed_ms,4_wind_speed_ms,8_temp_c,0_wind,1_wind,2_wind,3_wind,4_wind,0_wind_speed_ms_lag1,0_temp_c_lag1,1_wind_speed_ms_lag1,1_temp_c_lag1,2_wind_speed_ms_lag1,3_wind_speed_ms_lag1,4_wind_speed_ms_lag1,8_temp_c_lag1,0_wind_lag1,1_wind_lag1,2_wind_lag1,3_wind_lag1,4_wind_lag1,0_wind_speed_ms_lag2,0_temp_c_lag2,1_wind_speed_ms_lag2,1_temp_c_lag2,2_wind_speed_ms_lag2,3_wind_speed_ms_lag2,4_wind_speed_ms_lag2,8_temp_c_lag2,0_wind_lag2,1_wind_lag2,2_wind_lag2,3_wind_lag2,4_wind_lag2,0_wind_speed_ms_lag3,0_temp_c_lag3,1_wind_speed_ms_lag3,1_temp_c_lag3,2_wind_speed_ms_lag3,3_wind_speed_ms_lag3,4_wind_speed_ms_lag3,8_temp_c_lag3,0_wind_lag3,1_wind_lag3,2_wind_lag3,3_wind_lag3,4_wind_lag3,0_wind_speed_ms_lag4,0_temp_c_lag4,1_wind_speed_ms_lag4,1_temp_c_lag4,2_wind_speed_ms_lag4,3_wind_speed_ms_lag4,4_wind_speed_ms_lag4,8_temp_c_lag4,0_wind_lag4,1_wind_lag4,2_wind_lag4,3_wind_lag4,4_wind_lag4,0_wind_speed_ms_lag5,0_temp_c_lag5,1_wind_speed_ms_lag5,1_temp_c_lag5,2_wind_speed_ms_lag5,3_wind_speed_ms_lag5,4_wind_speed_ms_lag5,8_temp_c_lag5,0_wind_lag5,1_wind_lag5,2_wind_lag5,3_wind_lag5,4_wind_lag5,0_wind_speed_ms_lag9,0_temp_c_lag9,1_wind_speed_ms_lag9,1_temp_c_lag9,2_wind_speed_ms_lag9,3_wind_speed_ms_lag9,4_wind_speed_ms_lag9,8_temp_c_lag9,0_wind_lag9,1_wind_lag9,2_wind_lag9,3_wind_lag9,4_wind_lag9,0_wind_speed_ms_lag276,0_temp_c_lag276,1_wind_speed_ms_lag276,1_temp_c_lag276,2_wind_speed_ms_lag276,3_wind_speed_ms_lag276,3_temp_c_lag276,4_wind_speed_ms_lag276,8_temp_c_lag276,0_wind_lag276,1_wind_lag276,2_wind_lag276,3_wind_lag276,4_wind_lag276,Wind_lag300,0_wind_speed_ms_lag300,1_wind_speed_ms_lag300,2_wind_speed_ms_lag300,3_wind_speed_ms_lag300,4_wind_speed_ms_lag300,0_wind_lag300,1_wind_lag300,2_wind_lag300,3_wind_lag300,4_wind_lag300,0_wind_speed_ms_lag1_lag300,1_wind_speed_ms_lag1_lag300,2_wind_speed_ms_lag1_lag300,3_wind_speed_ms_lag1_lag300,4_wind_speed_ms_lag1_lag300,0_wind_lag1_lag300,1_wind_lag1_lag300,2_wind_lag1_lag300,3_wind_lag1_lag300,4_wind_lag1_lag300,0_wind_speed_ms_lag2_lag300,1_wind_speed_ms_lag2_lag300,2_wind_speed_ms_lag2_lag300,3_wind_speed_ms_lag2_lag300,4_wind_speed_ms_lag2_lag300,0_wind_lag2_lag300,1_wind_lag2_lag300,2_wind_lag2_lag300,3_wind_lag2_lag300,4_wind_lag2_lag300,0_wind_speed_ms_lag3_lag300,1_wind_speed_ms_lag3_lag300,2_wind_speed_ms_lag3_lag300,3_wind_speed_ms_lag3_lag300,4_wind_speed_ms_lag3_lag300,0_wind_lag3_lag300,1_wind_lag3_lag300,2_wind_lag3_lag300,3_wind_lag3_lag300,4_wind_lag3_lag300,0_wind_speed_ms_lag4_lag300,1_wind_speed_ms_lag4_lag300,2_wind_speed_ms_lag4_lag300,3_wind_speed_ms_lag4_lag300,4_wind_speed_ms_lag4_lag300,0_wind_lag4_lag300,1_wind_lag4_lag300,2_wind_lag4_lag300,3_wind_lag4_lag300,4_wind_lag4_lag300,0_wind_speed_ms_lag5_lag300,1_wind_speed_ms_lag5_lag300,2_wind_speed_ms_lag5_lag300,3_wind_speed_ms_lag5_lag300,4_wind_speed_ms_lag5_lag300,0_wind_lag5_lag300,1_wind_lag5_lag300,2_wind_lag5_lag300,3_wind_lag5_lag300,4_wind_lag5_lag300,0_wind_speed_ms_lag9_lag300,1_wind_speed_ms_lag9_lag300,2_wind_speed_ms_lag9_lag300,3_wind_speed_ms_lag9_lag300,4_wind_speed_ms_lag9_lag300,0_wind_lag9_lag300,1_wind_lag9_lag300,2_wind_lag9_lag300,3_wind_lag9_lag300,4_wind_lag9_lag300,0_wind_speed_ms_lag276_lag300,1_wind_speed_ms_lag276_lag300,2_wind_speed_ms_lag276_lag300,3_wind_speed_ms_lag276_lag300,4_wind_speed_ms_lag276_lag300,0_wind_lag276_lag300,1_wind_lag276_lag300,2_wind_lag276_lag300,3_wind_lag276_lag300,4_wind_lag276_lag300,Wind",300,0.01,,150,0.5,10000,10000,0.9,10,0.2,8,500,465.719671279907,56.6643815335171,,,564.569823239072,77.5394094030988,,,0.804636865720688,0.994596792521729,,
e698a8e8e7ef47c780fb8eb7e4033269,,,,unknown,FINISHED,xgboost_feat,4,comb_data_rev8.RDS,"0_wind_speed_ms,0_temp_c,1_wind_speed_ms,1_temp_c,2_wind_speed_ms,3_wind_speed_ms,4_wind_speed_ms,8_temp_c,0_wind,1_wind,2_wind,3_wind,4_wind,0_wind_speed_ms_lag1,0_temp_c_lag1,1_wind_speed_ms_lag1,1_temp_c_lag1,2_wind_speed_ms_lag1,3_wind_speed_ms_lag1,4_wind_speed_ms_lag1,8_temp_c_lag1,0_wind_lag1,1_wind_lag1,2_wind_lag1,3_wind_lag1,4_wind_lag1,0_wind_speed_ms_lag2,0_temp_c_lag2,1_wind_speed_ms_lag2,1_temp_c_lag2,2_wind_speed_ms_lag2,3_wind_speed_ms_lag2,4_wind_speed_ms_lag2,8_temp_c_lag2,0_wind_lag2,1_wind_lag2,2_wind_lag2,3_wind_lag2,4_wind_lag2,0_wind_speed_ms_lag3,0_temp_c_lag3,1_wind_speed_ms_lag3,1_temp_c_lag3,2_wind_speed_ms_lag3,3_wind_speed_ms_lag3,4_wind_speed_ms_lag3,8_temp_c_lag3,0_wind_lag3,1_wind_lag3,2_wind_lag3,3_wind_lag3,4_wind_lag3,0_wind_speed_ms_lag4,0_temp_c_lag4,1_wind_speed_ms_lag4,1_temp_c_lag4,2_wind_speed_ms_lag4,3_wind_speed_ms_lag4,4_wind_speed_ms_lag4,8_temp_c_lag4,0_wind_lag4,1_wind_lag4,2_wind_lag4,3_wind_lag4,4_wind_lag4,0_wind_speed_ms_lag5,0_temp_c_lag5,1_wind_speed_ms_lag5,1_temp_c_lag5,2_wind_speed_ms_lag5,3_wind_speed_ms_lag5,4_wind_speed_ms_lag5,8_temp_c_lag5,0_wind_lag5,1_wind_lag5,2_wind_lag5,3_wind_lag5,4_wind_lag5,0_wind_speed_ms_lag9,0_temp_c_lag9,1_wind_speed_ms_lag9,1_temp_c_lag9,2_wind_speed_ms_lag9,3_wind_speed_ms_lag9,4_wind_speed_ms_lag9,8_temp_c_lag9,0_wind_lag9,1_wind_lag9,2_wind_lag9,3_wind_lag9,4_wind_lag9,0_wind_speed_ms_lag276,0_temp_c_lag276,1_wind_speed_ms_lag276,1_temp_c_lag276,2_wind_speed_ms_lag276,3_wind_speed_ms_lag276,3_temp_c_lag276,4_wind_speed_ms_lag276,8_temp_c_lag276,0_wind_lag276,1_wind_lag276,2_wind_lag276,3_wind_lag276,4_wind_lag276,Wind_lag300,0_wind_speed_ms_lag300,1_wind_speed_ms_lag300,2_wind_speed_ms_lag300,3_wind_speed_ms_lag300,4_wind_speed_ms_lag300,0_wind_lag300,1_wind_lag300,2_wind_lag300,3_wind_lag300,4_wind_lag300,0_wind_speed_ms_lag1_lag300,1_wind_speed_ms_lag1_lag300,2_wind_speed_ms_lag1_lag300,3_wind_speed_ms_lag1_lag300,4_wind_speed_ms_lag1_lag300,0_wind_lag1_lag300,1_wind_lag1_lag300,2_wind_lag1_lag300,3_wind_lag1_lag300,4_wind_lag1_lag300,0_wind_speed_ms_lag2_lag300,1_wind_speed_ms_lag2_lag300,2_wind_speed_ms_lag2_lag300,3_wind_speed_ms_lag2_lag300,4_wind_speed_ms_lag2_lag300,0_wind_lag2_lag300,1_wind_lag2_lag300,2_wind_lag2_lag300,3_wind_lag2_lag300,4_wind_lag2_lag300,0_wind_speed_ms_lag3_lag300,1_wind_speed_ms_lag3_lag300,2_wind_speed_ms_lag3_lag300,3_wind_speed_ms_lag3_lag300,4_wind_speed_ms_lag3_lag300,0_wind_lag3_lag300,1_wind_lag3_lag300,2_wind_lag3_lag300,3_wind_lag3_lag300,4_wind_lag3_lag300,0_wind_speed_ms_lag4_lag300,1_wind_speed_ms_lag4_lag300,2_wind_speed_ms_lag4_lag300,3_wind_speed_ms_lag4_lag300,4_wind_speed_ms_lag4_lag300,0_wind_lag4_lag300,1_wind_lag4_lag300,2_wind_lag4_lag300,3_wind_lag4_lag300,4_wind_lag4_lag300,0_wind_speed_ms_lag5_lag300,1_wind_speed_ms_lag5_lag300,2_wind_speed_ms_lag5_lag300,3_wind_speed_ms_lag5_lag300,4_wind_speed_ms_lag5_lag300,0_wind_lag5_lag300,1_wind_lag5_lag300,2_wind_lag5_lag300,3_wind_lag5_lag300,4_wind_lag5_lag300,0_wind_speed_ms_lag9_lag300,1_wind_speed_ms_lag9_lag300,2_wind_speed_ms_lag9_lag300,3_wind_speed_ms_lag9_lag300,4_wind_speed_ms_lag9_lag300,0_wind_lag9_lag300,1_wind_lag9_lag300,2_wind_lag9_lag300,3_wind_lag9_lag300,4_wind_lag9_lag300,0_wind_speed_ms_lag276_lag300,1_wind_speed_ms_lag276_lag300,2_wind_speed_ms_lag276_lag300,3_wind_speed_ms_lag276_lag300,4_wind_speed_ms_lag276_lag300,0_wind_lag276_lag300,1_wind_lag276_lag300,2_wind_lag276_lag300,3_wind_lag276_lag300,4_wind_lag276_lag300,Wind",300,0.01,,150,0.5,10000,10000,0.5,10,0.2,8,500,471.352398361206,83.1833624421469,,,570.912523435757,110.487751001411,,,0.814015740840809,0.989032043533207,,
4370adc88b1845a788d851bc34f7341f,,,,unknown,FINISHED,xgboost_feat,4,comb_data_rev8.RDS,"0_wind_speed_ms,0_temp_c,1_wind_speed_ms,1_temp_c,2_wind_speed_ms,3_wind_speed_ms,4_wind_speed_ms,8_temp_c,0_wind,1_wind,2_wind,3_wind,4_wind,0_wind_speed_ms_lag1,0_temp_c_lag1,1_wind_speed_ms_lag1,1_temp_c_lag1,2_wind_speed_ms_lag1,3_wind_speed_ms_lag1,4_wind_speed_ms_lag1,8_temp_c_lag1,0_wind_lag1,1_wind_lag1,2_wind_lag1,3_wind_lag1,4_wind_lag1,0_wind_speed_ms_lag2,0_temp_c_lag2,1_wind_speed_ms_lag2,1_temp_c_lag2,2_wind_speed_ms_lag2,3_wind_speed_ms_lag2,4_wind_speed_ms_lag2,8_temp_c_lag2,0_wind_lag2,1_wind_lag2,2_wind_lag2,3_wind_lag2,4_wind_lag2,0_wind_speed_ms_lag3,0_temp_c_lag3,1_wind_speed_ms_lag3,1_temp_c_lag3,2_wind_speed_ms_lag3,3_wind_speed_ms_lag3,4_wind_speed_ms_lag3,8_temp_c_lag3,0_wind_lag3,1_wind_lag3,2_wind_lag3,3_wind_lag3,4_wind_lag3,0_wind_speed_ms_lag4,0_temp_c_lag4,1_wind_speed_ms_lag4,1_temp_c_lag4,2_wind_speed_ms_lag4,3_wind_speed_ms_lag4,4_wind_speed_ms_lag4,8_temp_c_lag4,0_wind_lag4,1_wind_lag4,2_wind_lag4,3_wind_lag4,4_wind_lag4,0_wind_speed_ms_lag5,0_temp_c_lag5,1_wind_speed_ms_lag5,1_temp_c_lag5,2_wind_speed_ms_lag5,3_wind_speed_ms_lag5,4_wind_speed_ms_lag5,8_temp_c_lag5,0_wind_lag5,1_wind_lag5,2_wind_lag5,3_wind_lag5,4_wind_lag5,0_wind_speed_ms_lag9,0_temp_c_lag9,1_wind_speed_ms_lag9,1_temp_c_lag9,2_wind_speed_ms_lag9,3_wind_speed_ms_lag9,4_wind_speed_ms_lag9,8_temp_c_lag9,0_wind_lag9,1_wind_lag9,2_wind_lag9,3_wind_lag9,4_wind_lag9,0_wind_speed_ms_lag276,0_temp_c_lag276,1_wind_speed_ms_lag276,1_temp_c_lag276,2_wind_speed_ms_lag276,3_wind_speed_ms_lag276,3_temp_c_lag276,4_wind_speed_ms_lag276,8_temp_c_lag276,0_wind_lag276,1_wind_lag276,2_wind_lag276,3_wind_lag276,4_wind_lag276,Wind_lag300,0_wind_speed_ms_lag300,1_wind_speed_ms_lag300,2_wind_speed_ms_lag300,3_wind_speed_ms_lag300,4_wind_speed_ms_lag300,0_wind_lag300,1_wind_lag300,2_wind_lag300,3_wind_lag300,4_wind_lag300,0_wind_speed_ms_lag1_lag300,1_wind_speed_ms_lag1_lag300,2_wind_speed_ms_lag1_lag300,3_wind_speed_ms_lag1_lag300,4_wind_speed_ms_lag1_lag300,0_wind_lag1_lag300,1_wind_lag1_lag300,2_wind_lag1_lag300,3_wind_lag1_lag300,4_wind_lag1_lag300,0_wind_speed_ms_lag2_lag300,1_wind_speed_ms_lag2_lag300,2_wind_speed_ms_lag2_lag300,3_wind_speed_ms_lag2_lag300,4_wind_speed_ms_lag2_lag300,0_wind_lag2_lag300,1_wind_lag2_lag300,2_wind_lag2_lag300,3_wind_lag2_lag300,4_wind_lag2_lag300,0_wind_speed_ms_lag3_lag300,1_wind_speed_ms_lag3_lag300,2_wind_speed_ms_lag3_lag300,3_wind_speed_ms_lag3_lag300,4_wind_speed_ms_lag3_lag300,0_wind_lag3_lag300,1_wind_lag3_lag300,2_wind_lag3_lag300,3_wind_lag3_lag300,4_wind_lag3_lag300,0_wind_speed_ms_lag4_lag300,1_wind_speed_ms_lag4_lag300,2_wind_speed_ms_lag4_lag300,3_wind_speed_ms_lag4_lag300,4_wind_speed_ms_lag4_lag300,0_wind_lag4_lag300,1_wind_lag4_lag300,2_wind_lag4_lag300,3_wind_lag4_lag300,4_wind_lag4_lag300,0_wind_speed_ms_lag5_lag300,1_wind_speed_ms_lag5_lag300,2_wind_speed_ms_lag5_lag300,3_wind_speed_ms_lag5_lag300,4_wind_speed_ms_lag5_lag300,0_wind_lag5_lag300,1_wind_lag5_lag300,2_wind_lag5_lag300,3_wind_lag5_lag300,4_wind_lag5_lag300,0_wind_speed_ms_lag9_lag300,1_wind_speed_ms_lag9_lag300,2_wind_speed_ms_lag9_lag300,3_wind_speed_ms_lag9_lag300,4_wind_speed_ms_lag9_lag300,0_wind_lag9_lag300,1_wind_lag9_lag300,2_wind_lag9_lag300,3_wind_lag9_lag300,4_wind_lag9_lag300,0_wind_speed_ms_lag276_lag300,1_wind_speed_ms_lag276_lag300,2_wind_speed_ms_lag276_lag300,3_wind_speed_ms_lag276_lag300,4_wind_speed_ms_lag276_lag300,0_wind_lag276_lag300,1_wind_lag276_lag300,2_wind_lag276_lag300,3_wind_lag276_lag300,4_wind_lag276_lag300,Wind",300,0.01,,150,0.5,10000,10000,0.5,10,0.2,7,500,471.03331803894,87.9404022010107,,,570.733357301577,116.228601701816,,,0.813995604248327,0.987860391285706,,
bb52fe066b9d4454a1711bf909f1658e,,,,unknown,FINISHED,xgboost_feat,4,comb_data_rev8.RDS,"0_wind_speed_ms,0_temp_c,1_wind_speed_ms,1_temp_c,2_wind_speed_ms,3_wind_speed_ms,4_wind_speed_ms,8_temp_c,0_wind,1_wind,2_wind,3_wind,4_wind,0_wind_speed_ms_lag1,0_temp_c_lag1,1_wind_speed_ms_lag1,1_temp_c_lag1,2_wind_speed_ms_lag1,3_wind_speed_ms_lag1,4_wind_speed_ms_lag1,8_temp_c_lag1,0_wind_lag1,1_wind_lag1,2_wind_lag1,3_wind_lag1,4_wind_lag1,0_wind_speed_ms_lag2,0_temp_c_lag2,1_wind_speed_ms_lag2,1_temp_c_lag2,2_wind_speed_ms_lag2,3_wind_speed_ms_lag2,4_wind_speed_ms_lag2,8_temp_c_lag2,0_wind_lag2,1_wind_lag2,2_wind_lag2,3_wind_lag2,4_wind_lag2,0_wind_speed_ms_lag3,0_temp_c_lag3,1_wind_speed_ms_lag3,1_temp_c_lag3,2_wind_speed_ms_lag3,3_wind_speed_ms_lag3,4_wind_speed_ms_lag3,8_temp_c_lag3,0_wind_lag3,1_wind_lag3,2_wind_lag3,3_wind_lag3,4_wind_lag3,0_wind_speed_ms_lag4,0_temp_c_lag4,1_wind_speed_ms_lag4,1_temp_c_lag4,2_wind_speed_ms_lag4,3_wind_speed_ms_lag4,4_wind_speed_ms_lag4,8_temp_c_lag4,0_wind_lag4,1_wind_lag4,2_wind_lag4,3_wind_lag4,4_wind_lag4,0_wind_speed_ms_lag5,0_temp_c_lag5,1_wind_speed_ms_lag5,1_temp_c_lag5,2_wind_speed_ms_lag5,3_wind_speed_ms_lag5,4_wind_speed_ms_lag5,8_temp_c_lag5,0_wind_lag5,1_wind_lag5,2_wind_lag5,3_wind_lag5,4_wind_lag5,0_wind_speed_ms_lag9,0_temp_c_lag9,1_wind_speed_ms_lag9,1_temp_c_lag9,2_wind_speed_ms_lag9,3_wind_speed_ms_lag9,4_wind_speed_ms_lag9,8_temp_c_lag9,0_wind_lag9,1_wind_lag9,2_wind_lag9,3_wind_lag9,4_wind_lag9,0_wind_speed_ms_lag276,0_temp_c_lag276,1_wind_speed_ms_lag276,1_temp_c_lag276,2_wind_speed_ms_lag276,3_wind_speed_ms_lag276,3_temp_c_lag276,4_wind_speed_ms_lag276,8_temp_c_lag276,0_wind_lag276,1_wind_lag276,2_wind_lag276,3_wind_lag276,4_wind_lag276,Wind_lag300,0_wind_speed_ms_lag300,1_wind_speed_ms_lag300,2_wind_speed_ms_lag300,3_wind_speed_ms_lag300,4_wind_speed_ms_lag300,0_wind_lag300,1_wind_lag300,2_wind_lag300,3_wind_lag300,4_wind_lag300,0_wind_speed_ms_lag1_lag300,1_wind_speed_ms_lag1_lag300,2_wind_speed_ms_lag1_lag300,3_wind_speed_ms_lag1_lag300,4_wind_speed_ms_lag1_lag300,0_wind_lag1_lag300,1_wind_lag1_lag300,2_wind_lag1_lag300,3_wind_lag1_lag300,4_wind_lag1_lag300,0_wind_speed_ms_lag2_lag300,1_wind_speed_ms_lag2_lag300,2_wind_speed_ms_lag2_lag300,3_wind_speed_ms_lag2_lag300,4_wind_speed_ms_lag2_lag300,0_wind_lag2_lag300,1_wind_lag2_lag300,2_wind_lag2_lag300,3_wind_lag2_lag300,4_wind_lag2_lag300,0_wind_speed_ms_lag3_lag300,1_wind_speed_ms_lag3_lag300,2_wind_speed_ms_lag3_lag300,3_wind_speed_ms_lag3_lag300,4_wind_speed_ms_lag3_lag300,0_wind_lag3_lag300,1_wind_lag3_lag300,2_wind_lag3_lag300,3_wind_lag3_lag300,4_wind_lag3_lag300,0_wind_speed_ms_lag4_lag300,1_wind_speed_ms_lag4_lag300,2_wind_speed_ms_lag4_lag300,3_wind_speed_ms_lag4_lag300,4_wind_speed_ms_lag4_lag300,0_wind_lag4_lag300,1_wind_lag4_lag300,2_wind_lag4_lag300,3_wind_lag4_lag300,4_wind_lag4_lag300,0_wind_speed_ms_lag5_lag300,1_wind_speed_ms_lag5_lag300,2_wind_speed_ms_lag5_lag300,3_wind_speed_ms_lag5_lag300,4_wind_speed_ms_lag5_lag300,0_wind_lag5_lag300,1_wind_lag5_lag300,2_wind_lag5_lag300,3_wind_lag5_lag300,4_wind_lag5_lag300,0_wind_speed_ms_lag9_lag300,1_wind_speed_ms_lag9_lag300,2_wind_speed_ms_lag9_lag300,3_wind_speed_ms_lag9_lag300,4_wind_speed_ms_lag9_lag300,0_wind_lag9_lag300,1_wind_lag9_lag300,2_wind_lag9_lag300,3_wind_lag9_lag300,4_wind_lag9_lag300,0_wind_speed_ms_lag276_lag300,1_wind_speed_ms_lag276_lag300,2_wind_speed_ms_lag276_lag300,3_wind_speed_ms_lag276_lag300,4_wind_speed_ms_lag276_lag300,0_wind_lag276_lag300,1_wind_lag276_lag300,2_wind_lag276_lag300,3_wind_lag276_lag300,4_wind_lag276_lag300,Wind",300,0.01,,3,0.5,10000,10000,0.5,10,0.2,7,500,462.969085403442,20.1457131893198,,,563.707173049104,28.7741730614621,,,0.803377454852279,0.999259361626847,,
bbce449943ad4600bf42374a28c0259d,,,,unknown,FINISHED,xgboost_feat,4,comb_data_rev8.RDS,"0_wind_speed_ms,0_temp_c,1_wind_speed_ms,1_temp_c,2_wind_speed_ms,3_wind_speed_ms,4_wind_speed_ms,8_temp_c,0_wind,1_wind,2_wind,3_wind,4_wind,0_wind_speed_ms_lag1,0_temp_c_lag1,1_wind_speed_ms_lag1,1_temp_c_lag1,2_wind_speed_ms_lag1,3_wind_speed_ms_lag1,4_wind_speed_ms_lag1,8_temp_c_lag1,0_wind_lag1,1_wind_lag1,2_wind_lag1,3_wind_lag1,4_wind_lag1,0_wind_speed_ms_lag2,0_temp_c_lag2,1_wind_speed_ms_lag2,1_temp_c_lag2,2_wind_speed_ms_lag2,3_wind_speed_ms_lag2,4_wind_speed_ms_lag2,8_temp_c_lag2,0_wind_lag2,1_wind_lag2,2_wind_lag2,3_wind_lag2,4_wind_lag2,0_wind_speed_ms_lag3,0_temp_c_lag3,1_wind_speed_ms_lag3,1_temp_c_lag3,2_wind_speed_ms_lag3,3_wind_speed_ms_lag3,4_wind_speed_ms_lag3,8_temp_c_lag3,0_wind_lag3,1_wind_lag3,2_wind_lag3,3_wind_lag3,4_wind_lag3,0_wind_speed_ms_lag4,0_temp_c_lag4,1_wind_speed_ms_lag4,1_temp_c_lag4,2_wind_speed_ms_lag4,3_wind_speed_ms_lag4,4_wind_speed_ms_lag4,8_temp_c_lag4,0_wind_lag4,1_wind_lag4,2_wind_lag4,3_wind_lag4,4_wind_lag4,0_wind_speed_ms_lag5,0_temp_c_lag5,1_wind_speed_ms_lag5,1_temp_c_lag5,2_wind_speed_ms_lag5,3_wind_speed_ms_lag5,4_wind_speed_ms_lag5,8_temp_c_lag5,0_wind_lag5,1_wind_lag5,2_wind_lag5,3_wind_lag5,4_wind_lag5,0_wind_speed_ms_lag9,0_temp_c_lag9,1_wind_speed_ms_lag9,1_temp_c_lag9,2_wind_speed_ms_lag9,3_wind_speed_ms_lag9,4_wind_speed_ms_lag9,8_temp_c_lag9,0_wind_lag9,1_wind_lag9,2_wind_lag9,3_wind_lag9,4_wind_lag9,0_wind_speed_ms_lag276,0_temp_c_lag276,1_wind_speed_ms_lag276,1_temp_c_lag276,2_wind_speed_ms_lag276,3_wind_speed_ms_lag276,3_temp_c_lag276,4_wind_speed_ms_lag276,8_temp_c_lag276,0_wind_lag276,1_wind_lag276,2_wind_lag276,3_wind_lag276,4_wind_lag276,Wind_lag300,0_wind_speed_ms_lag300,1_wind_speed_ms_lag300,2_wind_speed_ms_lag300,3_wind_speed_ms_lag300,4_wind_speed_ms_lag300,0_wind_lag300,1_wind_lag300,2_wind_lag300,3_wind_lag300,4_wind_lag300,0_wind_speed_ms_lag1_lag300,1_wind_speed_ms_lag1_lag300,2_wind_speed_ms_lag1_lag300,3_wind_speed_ms_lag1_lag300,4_wind_speed_ms_lag1_lag300,0_wind_lag1_lag300,1_wind_lag1_lag300,2_wind_lag1_lag300,3_wind_lag1_lag300,4_wind_lag1_lag300,0_wind_speed_ms_lag2_lag300,1_wind_speed_ms_lag2_lag300,2_wind_speed_ms_lag2_lag300,3_wind_speed_ms_lag2_lag300,4_wind_speed_ms_lag2_lag300,0_wind_lag2_lag300,1_wind_lag2_lag300,2_wind_lag2_lag300,3_wind_lag2_lag300,4_wind_lag2_lag300,0_wind_speed_ms_lag3_lag300,1_wind_speed_ms_lag3_lag300,2_wind_speed_ms_lag3_lag300,3_wind_speed_ms_lag3_lag300,4_wind_speed_ms_lag3_lag300,0_wind_lag3_lag300,1_wind_lag3_lag300,2_wind_lag3_lag300,3_wind_lag3_lag300,4_wind_lag3_lag300,0_wind_speed_ms_lag4_lag300,1_wind_speed_ms_lag4_lag300,2_wind_speed_ms_lag4_lag300,3_wind_speed_ms_lag4_lag300,4_wind_speed_ms_lag4_lag300,0_wind_lag4_lag300,1_wind_lag4_lag300,2_wind_lag4_lag300,3_wind_lag4_lag300,4_wind_lag4_lag300,0_wind_speed_ms_lag5_lag300,1_wind_speed_ms_lag5_lag300,2_wind_speed_ms_lag5_lag300,3_wind_speed_ms_lag5_lag300,4_wind_speed_ms_lag5_lag300,0_wind_lag5_lag300,1_wind_lag5_lag300,2_wind_lag5_lag300,3_wind_lag5_lag300,4_wind_lag5_lag300,0_wind_speed_ms_lag9_lag300,1_wind_speed_ms_lag9_lag300,2_wind_speed_ms_lag9_lag300,3_wind_speed_ms_lag9_lag300,4_wind_speed_ms_lag9_lag300,0_wind_lag9_lag300,1_wind_lag9_lag300,2_wind_lag9_lag300,3_wind_lag9_lag300,4_wind_lag9_lag300,0_wind_speed_ms_lag276_lag300,1_wind_speed_ms_lag276_lag300,2_wind_speed_ms_lag276_lag300,3_wind_speed_ms_lag276_lag300,4_wind_speed_ms_lag276_lag300,0_wind_lag276_lag300,1_wind_lag276_lag300,2_wind_lag276_lag300,3_wind_lag276_lag300,4_wind_lag276_lag300,Wind",300,0.1,,3,0.5,10000,10000,0.5,10,0.2,7,500,465.534779403687,10.1921083136875,,,566.869542153475,20.3931823848678,,,0.791873177091542,0.999623169624029,,
6cc74f13a9f34ead8817c2c8ef74c72f,,,,unknown,FINISHED,xgboost_feat,4,comb_data_rev8.RDS,"0_wind_speed_ms,0_temp_c,1_wind_speed_ms,1_temp_c,2_wind_speed_ms,3_wind_speed_ms,4_wind_speed_ms,8_temp_c,0_wind,1_wind,2_wind,3_wind,4_wind,0_wind_speed_ms_lag1,0_temp_c_lag1,1_wind_speed_ms_lag1,1_temp_c_lag1,2_wind_speed_ms_lag1,3_wind_speed_ms_lag1,4_wind_speed_ms_lag1,8_temp_c_lag1,0_wind_lag1,1_wind_lag1,2_wind_lag1,3_wind_lag1,4_wind_lag1,0_wind_speed_ms_lag2,0_temp_c_lag2,1_wind_speed_ms_lag2,1_temp_c_lag2,2_wind_speed_ms_lag2,3_wind_speed_ms_lag2,4_wind_speed_ms_lag2,8_temp_c_lag2,0_wind_lag2,1_wind_lag2,2_wind_lag2,3_wind_lag2,4_wind_lag2,0_wind_speed_ms_lag3,0_temp_c_lag3,1_wind_speed_ms_lag3,1_temp_c_lag3,2_wind_speed_ms_lag3,3_wind_speed_ms_lag3,4_wind_speed_ms_lag3,8_temp_c_lag3,0_wind_lag3,1_wind_lag3,2_wind_lag3,3_wind_lag3,4_wind_lag3,0_wind_speed_ms_lag4,0_temp_c_lag4,1_wind_speed_ms_lag4,1_temp_c_lag4,2_wind_speed_ms_lag4,3_wind_speed_ms_lag4,4_wind_speed_ms_lag4,8_temp_c_lag4,0_wind_lag4,1_wind_lag4,2_wind_lag4,3_wind_lag4,4_wind_lag4,0_wind_speed_ms_lag5,0_temp_c_lag5,1_wind_speed_ms_lag5,1_temp_c_lag5,2_wind_speed_ms_lag5,3_wind_speed_ms_lag5,4_wind_speed_ms_lag5,8_temp_c_lag5,0_wind_lag5,1_wind_lag5,2_wind_lag5,3_wind_lag5,4_wind_lag5,0_wind_speed_ms_lag9,0_temp_c_lag9,1_wind_speed_ms_lag9,1_temp_c_lag9,2_wind_speed_ms_lag9,3_wind_speed_ms_lag9,4_wind_speed_ms_lag9,8_temp_c_lag9,0_wind_lag9,1_wind_lag9,2_wind_lag9,3_wind_lag9,4_wind_lag9,0_wind_speed_ms_lag276,0_temp_c_lag276,1_wind_speed_ms_lag276,1_temp_c_lag276,2_wind_speed_ms_lag276,3_wind_speed_ms_lag276,3_temp_c_lag276,4_wind_speed_ms_lag276,8_temp_c_lag276,0_wind_lag276,1_wind_lag276,2_wind_lag276,3_wind_lag276,4_wind_lag276,Wind_lag300,0_wind_speed_ms_lag300,1_wind_speed_ms_lag300,2_wind_speed_ms_lag300,3_wind_speed_ms_lag300,4_wind_speed_ms_lag300,0_wind_lag300,1_wind_lag300,2_wind_lag300,3_wind_lag300,4_wind_lag300,0_wind_speed_ms_lag1_lag300,1_wind_speed_ms_lag1_lag300,2_wind_speed_ms_lag1_lag300,3_wind_speed_ms_lag1_lag300,4_wind_speed_ms_lag1_lag300,0_wind_lag1_lag300,1_wind_lag1_lag300,2_wind_lag1_lag300,3_wind_lag1_lag300,4_wind_lag1_lag300,0_wind_speed_ms_lag2_lag300,1_wind_speed_ms_lag2_lag300,2_wind_speed_ms_lag2_lag300,3_wind_speed_ms_lag2_lag300,4_wind_speed_ms_lag2_lag300,0_wind_lag2_lag300,1_wind_lag2_lag300,2_wind_lag2_lag300,3_wind_lag2_lag300,4_wind_lag2_lag300,0_wind_speed_ms_lag3_lag300,1_wind_speed_ms_lag3_lag300,2_wind_speed_ms_lag3_lag300,3_wind_speed_ms_lag3_lag300,4_wind_speed_ms_lag3_lag300,0_wind_lag3_lag300,1_wind_lag3_lag300,2_wind_lag3_lag300,3_wind_lag3_lag300,4_wind_lag3_lag300,0_wind_speed_ms_lag4_lag300,1_wind_speed_ms_lag4_lag300,2_wind_speed_ms_lag4_lag300,3_wind_speed_ms_lag4_lag300,4_wind_speed_ms_lag4_lag300,0_wind_lag4_lag300,1_wind_lag4_lag300,2_wind_lag4_lag300,3_wind_lag4_lag300,4_wind_lag4_lag300,0_wind_speed_ms_lag5_lag300,1_wind_speed_ms_lag5_lag300,2_wind_speed_ms_lag5_lag300,3_wind_speed_ms_lag5_lag300,4_wind_speed_ms_lag5_lag300,0_wind_lag5_lag300,1_wind_lag5_lag300,2_wind_lag5_lag300,3_wind_lag5_lag300,4_wind_lag5_lag300,0_wind_speed_ms_lag9_lag300,1_wind_speed_ms_lag9_lag300,2_wind_speed_ms_lag9_lag300,3_wind_speed_ms_lag9_lag300,4_wind_speed_ms_lag9_lag300,0_wind_lag9_lag300,1_wind_lag9_lag300,2_wind_lag9_lag300,3_wind_lag9_lag300,4_wind_lag9_lag300,0_wind_speed_ms_lag276_lag300,1_wind_speed_ms_lag276_lag300,2_wind_speed_ms_lag276_lag300,3_wind_speed_ms_lag276_lag300,4_wind_speed_ms_lag276_lag300,0_wind_lag276_lag300,1_wind_lag276_lag300,2_wind_lag276_lag300,3_wind_lag276_lag300,4_wind_lag276_lag300,Wind",300,0.1,,3,0.5,10000,10000,0.5,10,0.2,7,500,451.790571762085,3.51255206512002,,,562.200516113297,4.42710684140089,,,0.79648452758018,0.999982199792846,,
d7b44205e91449dd83e67d1225b01160,,,,unknown,FINISHED,xgboost_feat,4,comb_data_rev8.RDS,"0_wind_speed_ms,0_temp_c,1_wind_speed_ms,1_temp_c,2_wind_speed_ms,3_wind_speed_ms,4_wind_speed_ms,8_temp_c,0_wind,1_wind,2_wind,3_wind,4_wind,0_wind_speed_ms_lag1,0_temp_c_lag1,1_wind_speed_ms_lag1,1_temp_c_lag1,2_wind_speed_ms_lag1,3_wind_speed_ms_lag1,4_wind_speed_ms_lag1,8_temp_c_lag1,0_wind_lag1,1_wind_lag1,2_wind_lag1,3_wind_lag1,4_wind_lag1,0_wind_speed_ms_lag2,0_temp_c_lag2,1_wind_speed_ms_lag2,1_temp_c_lag2,2_wind_speed_ms_lag2,3_wind_speed_ms_lag2,4_wind_speed_ms_lag2,8_temp_c_lag2,0_wind_lag2,1_wind_lag2,2_wind_lag2,3_wind_lag2,4_wind_lag2,0_wind_speed_ms_lag3,0_temp_c_lag3,1_wind_speed_ms_lag3,1_temp_c_lag3,2_wind_speed_ms_lag3,3_wind_speed_ms_lag3,4_wind_speed_ms_lag3,8_temp_c_lag3,0_wind_lag3,1_wind_lag3,2_wind_lag3,3_wind_lag3,4_wind_lag3,0_wind_speed_ms_lag4,0_temp_c_lag4,1_wind_speed_ms_lag4,1_temp_c_lag4,2_wind_speed_ms_lag4,3_wind_speed_ms_lag4,4_wind_speed_ms_lag4,8_temp_c_lag4,0_wind_lag4,1_wind_lag4,2_wind_lag4,3_wind_lag4,4_wind_lag4,0_wind_speed_ms_lag5,0_temp_c_lag5,1_wind_speed_ms_lag5,1_temp_c_lag5,2_wind_speed_ms_lag5,3_wind_speed_ms_lag5,4_wind_speed_ms_lag5,8_temp_c_lag5,0_wind_lag5,1_wind_lag5,2_wind_lag5,3_wind_lag5,4_wind_lag5,0_wind_speed_ms_lag9,0_temp_c_lag9,1_wind_speed_ms_lag9,1_temp_c_lag9,2_wind_speed_ms_lag9,3_wind_speed_ms_lag9,4_wind_speed_ms_lag9,8_temp_c_lag9,0_wind_lag9,1_wind_lag9,2_wind_lag9,3_wind_lag9,4_wind_lag9,0_wind_speed_ms_lag276,0_temp_c_lag276,1_wind_speed_ms_lag276,1_temp_c_lag276,2_wind_speed_ms_lag276,3_wind_speed_ms_lag276,3_temp_c_lag276,4_wind_speed_ms_lag276,8_temp_c_lag276,0_wind_lag276,1_wind_lag276,2_wind_lag276,3_wind_lag276,4_wind_lag276,Wind_lag300,0_wind_speed_ms_lag300,1_wind_speed_ms_lag300,2_wind_speed_ms_lag300,3_wind_speed_ms_lag300,4_wind_speed_ms_lag300,0_wind_lag300,1_wind_lag300,2_wind_lag300,3_wind_lag300,4_wind_lag300,0_wind_speed_ms_lag1_lag300,1_wind_speed_ms_lag1_lag300,2_wind_speed_ms_lag1_lag300,3_wind_speed_ms_lag1_lag300,4_wind_speed_ms_lag1_lag300,0_wind_lag1_lag300,1_wind_lag1_lag300,2_wind_lag1_lag300,3_wind_lag1_lag300,4_wind_lag1_lag300,0_wind_speed_ms_lag2_lag300,1_wind_speed_ms_lag2_lag300,2_wind_speed_ms_lag2_lag300,3_wind_speed_ms_lag2_lag300,4_wind_speed_ms_lag2_lag300,0_wind_lag2_lag300,1_wind_lag2_lag300,2_wind_lag2_lag300,3_wind_lag2_lag300,4_wind_lag2_lag300,0_wind_speed_ms_lag3_lag300,1_wind_speed_ms_lag3_lag300,2_wind_speed_ms_lag3_lag300,3_wind_speed_ms_lag3_lag300,4_wind_speed_ms_lag3_lag300,0_wind_lag3_lag300,1_wind_lag3_lag300,2_wind_lag3_lag300,3_wind_lag3_lag300,4_wind_lag3_lag300,0_wind_speed_ms_lag4_lag300,1_wind_speed_ms_lag4_lag300,2_wind_speed_ms_lag4_lag300,3_wind_speed_ms_lag4_lag300,4_wind_speed_ms_lag4_lag300,0_wind_lag4_lag300,1_wind_lag4_lag300,2_wind_lag4_lag300,3_wind_lag4_lag300,4_wind_lag4_lag300,0_wind_speed_ms_lag5_lag300,1_wind_speed_ms_lag5_lag300,2_wind_speed_ms_lag5_lag300,3_wind_speed_ms_lag5_lag300,4_wind_speed_ms_lag5_lag300,0_wind_lag5_lag300,1_wind_lag5_lag300,2_wind_lag5_lag300,3_wind_lag5_lag300,4_wind_lag5_lag300,0_wind_speed_ms_lag9_lag300,1_wind_speed_ms_lag9_lag300,2_wind_speed_ms_lag9_lag300,3_wind_speed_ms_lag9_lag300,4_wind_speed_ms_lag9_lag300,0_wind_lag9_lag300,1_wind_lag9_lag300,2_wind_lag9_lag300,3_wind_lag9_lag300,4_wind_lag9_lag300,0_wind_speed_ms_lag276_lag300,1_wind_speed_ms_lag276_lag300,2_wind_speed_ms_lag276_lag300,3_wind_speed_ms_lag276_lag300,4_wind_speed_ms_lag276_lag300,0_wind_lag276_lag300,1_wind_lag276_lag300,2_wind_lag276_lag300,3_wind_lag276_lag300,4_wind_lag276_lag300,Wind",300,0.1,,3,0.5,10000,10000,0.5,,0.2,7,500,451.790571762085,3.51255206512002,,,562.200516113297,4.42710684140089,,,0.79648452758018,0.999982199792846,,
88876e0d4c7d40aa890e9fd2d3e027f8,,,,unknown,FINISHED,xgboost_feat,4,comb_data_rev8.RDS,"0_wind_speed_ms,0_temp_c,1_wind_speed_ms,1_temp_c,2_wind_speed_ms,3_wind_speed_ms,4_wind_speed_ms,8_temp_c,0_wind,1_wind,2_wind,3_wind,4_wind,0_wind_speed_ms_lag1,0_temp_c_lag1,1_wind_speed_ms_lag1,1_temp_c_lag1,2_wind_speed_ms_lag1,3_wind_speed_ms_lag1,4_wind_speed_ms_lag1,8_temp_c_lag1,0_wind_lag1,1_wind_lag1,2_wind_lag1,3_wind_lag1,4_wind_lag1,0_wind_speed_ms_lag2,0_temp_c_lag2,1_wind_speed_ms_lag2,1_temp_c_lag2,2_wind_speed_ms_lag2,3_wind_speed_ms_lag2,4_wind_speed_ms_lag2,8_temp_c_lag2,0_wind_lag2,1_wind_lag2,2_wind_lag2,3_wind_lag2,4_wind_lag2,0_wind_speed_ms_lag3,0_temp_c_lag3,1_wind_speed_ms_lag3,1_temp_c_lag3,2_wind_speed_ms_lag3,3_wind_speed_ms_lag3,4_wind_speed_ms_lag3,8_temp_c_lag3,0_wind_lag3,1_wind_lag3,2_wind_lag3,3_wind_lag3,4_wind_lag3,0_wind_speed_ms_lag4,0_temp_c_lag4,1_wind_speed_ms_lag4,1_temp_c_lag4,2_wind_speed_ms_lag4,3_wind_speed_ms_lag4,4_wind_speed_ms_lag4,8_temp_c_lag4,0_wind_lag4,1_wind_lag4,2_wind_lag4,3_wind_lag4,4_wind_lag4,0_wind_speed_ms_lag5,0_temp_c_lag5,1_wind_speed_ms_lag5,1_temp_c_lag5,2_wind_speed_ms_lag5,3_wind_speed_ms_lag5,4_wind_speed_ms_lag5,8_temp_c_lag5,0_wind_lag5,1_wind_lag5,2_wind_lag5,3_wind_lag5,4_wind_lag5,0_wind_speed_ms_lag9,0_temp_c_lag9,1_wind_speed_ms_lag9,1_temp_c_lag9,2_wind_speed_ms_lag9,3_wind_speed_ms_lag9,4_wind_speed_ms_lag9,8_temp_c_lag9,0_wind_lag9,1_wind_lag9,2_wind_lag9,3_wind_lag9,4_wind_lag9,0_wind_speed_ms_lag276,0_temp_c_lag276,1_wind_speed_ms_lag276,1_temp_c_lag276,2_wind_speed_ms_lag276,3_wind_speed_ms_lag276,3_temp_c_lag276,4_wind_speed_ms_lag276,8_temp_c_lag276,0_wind_lag276,1_wind_lag276,2_wind_lag276,3_wind_lag276,4_wind_lag276,Wind_lag300,0_wind_speed_ms_lag300,1_wind_speed_ms_lag300,2_wind_speed_ms_lag300,3_wind_speed_ms_lag300,4_wind_speed_ms_lag300,0_wind_lag300,1_wind_lag300,2_wind_lag300,3_wind_lag300,4_wind_lag300,0_wind_speed_ms_lag1_lag300,1_wind_speed_ms_lag1_lag300,2_wind_speed_ms_lag1_lag300,3_wind_speed_ms_lag1_lag300,4_wind_speed_ms_lag1_lag300,0_wind_lag1_lag300,1_wind_lag1_lag300,2_wind_lag1_lag300,3_wind_lag1_lag300,4_wind_lag1_lag300,0_wind_speed_ms_lag2_lag300,1_wind_speed_ms_lag2_lag300,2_wind_speed_ms_lag2_lag300,3_wind_speed_ms_lag2_lag300,4_wind_speed_ms_lag2_lag300,0_wind_lag2_lag300,1_wind_lag2_lag300,2_wind_lag2_lag300,3_wind_lag2_lag300,4_wind_lag2_lag300,0_wind_speed_ms_lag3_lag300,1_wind_speed_ms_lag3_lag300,2_wind_speed_ms_lag3_lag300,3_wind_speed_ms_lag3_lag300,4_wind_speed_ms_lag3_lag300,0_wind_lag3_lag300,1_wind_lag3_lag300,2_wind_lag3_lag300,3_wind_lag3_lag300,4_wind_lag3_lag300,0_wind_speed_ms_lag4_lag300,1_wind_speed_ms_lag4_lag300,2_wind_speed_ms_lag4_lag300,3_wind_speed_ms_lag4_lag300,4_wind_speed_ms_lag4_lag300,0_wind_lag4_lag300,1_wind_lag4_lag300,2_wind_lag4_lag300,3_wind_lag4_lag300,4_wind_lag4_lag300,0_wind_speed_ms_lag5_lag300,1_wind_speed_ms_lag5_lag300,2_wind_speed_ms_lag5_lag300,3_wind_speed_ms_lag5_lag300,4_wind_speed_ms_lag5_lag300,0_wind_lag5_lag300,1_wind_lag5_lag300,2_wind_lag5_lag300,3_wind_lag5_lag300,4_wind_lag5_lag300,0_wind_speed_ms_lag9_lag300,1_wind_speed_ms_lag9_lag300,2_wind_speed_ms_lag9_lag300,3_wind_speed_ms_lag9_lag300,4_wind_speed_ms_lag9_lag300,0_wind_lag9_lag300,1_wind_lag9_lag300,2_wind_lag9_lag300,3_wind_lag9_lag300,4_wind_lag9_lag300,0_wind_speed_ms_lag276_lag300,1_wind_speed_ms_lag276_lag300,2_wind_speed_ms_lag276_lag300,3_wind_speed_ms_lag276_lag300,4_wind_speed_ms_lag276_lag300,0_wind_lag276_lag300,1_wind_lag276_lag300,2_wind_lag276_lag300,3_wind_lag276_lag300,4_wind_lag276_lag300,Wind",300,0.1,,3,0.1,10000,10000,0.5,,0.2,7,500,486.527444473267,4.4695461378807,,,586.824273886961,5.69236656976352,,,0.816276156544041,0.999970571179347,,
07f297e499b6438cafa74c0c8801c2c2,,,,unknown,FINISHED,xgboost_feat,4,comb_data_rev8.RDS,"0_wind_speed_ms,0_temp_c,1_wind_speed_ms,1_temp_c,2_wind_speed_ms,3_wind_speed_ms,4_wind_speed_ms,8_temp_c,0_wind,1_wind,2_wind,3_wind,4_wind,0_wind_speed_ms_lag1,0_temp_c_lag1,1_wind_speed_ms_lag1,1_temp_c_lag1,2_wind_speed_ms_lag1,3_wind_speed_ms_lag1,4_wind_speed_ms_lag1,8_temp_c_lag1,0_wind_lag1,1_wind_lag1,2_wind_lag1,3_wind_lag1,4_wind_lag1,0_wind_speed_ms_lag2,0_temp_c_lag2,1_wind_speed_ms_lag2,1_temp_c_lag2,2_wind_speed_ms_lag2,3_wind_speed_ms_lag2,4_wind_speed_ms_lag2,8_temp_c_lag2,0_wind_lag2,1_wind_lag2,2_wind_lag2,3_wind_lag2,4_wind_lag2,0_wind_speed_ms_lag3,0_temp_c_lag3,1_wind_speed_ms_lag3,1_temp_c_lag3,2_wind_speed_ms_lag3,3_wind_speed_ms_lag3,4_wind_speed_ms_lag3,8_temp_c_lag3,0_wind_lag3,1_wind_lag3,2_wind_lag3,3_wind_lag3,4_wind_lag3,0_wind_speed_ms_lag4,0_temp_c_lag4,1_wind_speed_ms_lag4,1_temp_c_lag4,2_wind_speed_ms_lag4,3_wind_speed_ms_lag4,4_wind_speed_ms_lag4,8_temp_c_lag4,0_wind_lag4,1_wind_lag4,2_wind_lag4,3_wind_lag4,4_wind_lag4,0_wind_speed_ms_lag5,0_temp_c_lag5,1_wind_speed_ms_lag5,1_temp_c_lag5,2_wind_speed_ms_lag5,3_wind_speed_ms_lag5,4_wind_speed_ms_lag5,8_temp_c_lag5,0_wind_lag5,1_wind_lag5,2_wind_lag5,3_wind_lag5,4_wind_lag5,0_wind_speed_ms_lag9,0_temp_c_lag9,1_wind_speed_ms_lag9,1_temp_c_lag9,2_wind_speed_ms_lag9,3_wind_speed_ms_lag9,4_wind_speed_ms_lag9,8_temp_c_lag9,0_wind_lag9,1_wind_lag9,2_wind_lag9,3_wind_lag9,4_wind_lag9,0_wind_speed_ms_lag276,0_temp_c_lag276,1_wind_speed_ms_lag276,1_temp_c_lag276,2_wind_speed_ms_lag276,3_wind_speed_ms_lag276,3_temp_c_lag276,4_wind_speed_ms_lag276,8_temp_c_lag276,0_wind_lag276,1_wind_lag276,2_wind_lag276,3_wind_lag276,4_wind_lag276,Wind_lag300,0_wind_speed_ms_lag300,1_wind_speed_ms_lag300,2_wind_speed_ms_lag300,3_wind_speed_ms_lag300,4_wind_speed_ms_lag300,0_wind_lag300,1_wind_lag300,2_wind_lag300,3_wind_lag300,4_wind_lag300,0_wind_speed_ms_lag1_lag300,1_wind_speed_ms_lag1_lag300,2_wind_speed_ms_lag1_lag300,3_wind_speed_ms_lag1_lag300,4_wind_speed_ms_lag1_lag300,0_wind_lag1_lag300,1_wind_lag1_lag300,2_wind_lag1_lag300,3_wind_lag1_lag300,4_wind_lag1_lag300,0_wind_speed_ms_lag2_lag300,1_wind_speed_ms_lag2_lag300,2_wind_speed_ms_lag2_lag300,3_wind_speed_ms_lag2_lag300,4_wind_speed_ms_lag2_lag300,0_wind_lag2_lag300,1_wind_lag2_lag300,2_wind_lag2_lag300,3_wind_lag2_lag300,4_wind_lag2_lag300,0_wind_speed_ms_lag3_lag300,1_wind_speed_ms_lag3_lag300,2_wind_speed_ms_lag3_lag300,3_wind_speed_ms_lag3_lag300,4_wind_speed_ms_lag3_lag300,0_wind_lag3_lag300,1_wind_lag3_lag300,2_wind_lag3_lag300,3_wind_lag3_lag300,4_wind_lag3_lag300,0_wind_speed_ms_lag4_lag300,1_wind_speed_ms_lag4_lag300,2_wind_speed_ms_lag4_lag300,3_wind_speed_ms_lag4_lag300,4_wind_speed_ms_lag4_lag300,0_wind_lag4_lag300,1_wind_lag4_lag300,2_wind_lag4_lag300,3_wind_lag4_lag300,4_wind_lag4_lag300,0_wind_speed_ms_lag5_lag300,1_wind_speed_ms_lag5_lag300,2_wind_speed_ms_lag5_lag300,3_wind_speed_ms_lag5_lag300,4_wind_speed_ms_lag5_lag300,0_wind_lag5_lag300,1_wind_lag5_lag300,2_wind_lag5_lag300,3_wind_lag5_lag300,4_wind_lag5_lag300,0_wind_speed_ms_lag9_lag300,1_wind_speed_ms_lag9_lag300,2_wind_speed_ms_lag9_lag300,3_wind_speed_ms_lag9_lag300,4_wind_speed_ms_lag9_lag300,0_wind_lag9_lag300,1_wind_lag9_lag300,2_wind_lag9_lag300,3_wind_lag9_lag300,4_wind_lag9_lag300,0_wind_speed_ms_lag276_lag300,1_wind_speed_ms_lag276_lag300,2_wind_speed_ms_lag276_lag300,3_wind_speed_ms_lag276_lag300,4_wind_speed_ms_lag276_lag300,0_wind_lag276_lag300,1_wind_lag276_lag300,2_wind_lag276_lag300,3_wind_lag276_lag300,4_wind_lag276_lag300,Wind",300,0.1,,3,0.1,10000,10000,0.2,,0.2,7,500,495.273072555542,10.4614430322878,,,576.456877556304,13.3225540674416,,,0.817166403250598,0.99983883194934,,
60469e754b2d4fb6bb78d94ed8a14d41,,,,unknown,FINISHED,xgboost_feat,4,comb_data_rev3.RDS,"0_wind_speed_ms,0_temp_c,1_wind_speed_ms,1_temp_c,2_wind_speed_ms,2_temp_c,3_wind_speed_ms,3_temp_c,4_wind_speed_ms,4_temp_c,5_temp_c,6_temp_c,7_temp_c,8_temp_c,9_temp_c,0_wind,1_wind,2_wind,3_wind,4_wind,Wind,Time_half,Time_quarter,Time_month,Time_hour,Time_week",,0.3,0,2,25,10000,10000,,,0.2,12,1000,554.099049377441,0.00132965354523418,485.614479656219,93.1337782651036,695.202096726506,0.00236146216439501,622.068029130241,123.011936052535,0.537981885266129,0.999999999995527,0.650248275603505,0.165296646531582
